bg,bg,bg,bg,bg,bg,bg,bg,bg,bg,bg,bg,bg,bg,bg,bg,bg,bg,bg,bg,bg,bg,bg,bg,bg,bg,bg,bg,bg,bg,bg,bg,bg,bg,bg,bg,bg,bg,bg,bg,bg,bg,bg,bg,bg,bg,bg,bg,bg,bg,bg,bg,bg,bg,bg,bg,bg,bg,bg,bg,bg,bg,bg,bg,bg,bg,bg,bg,bg,bg,bg,bg,bg,bg,bg,bg,bg,bg,bg,bg,bg,bg,bg,bg,bg,bg,bg,bg,bg,bg,bg,bg,bg,bg,bg,bg,bg,bg,bg,bg
bg,bg,bg,bg,bg,bg,bg,bg,bg,bg,bg,bg,bg,bg,bg,bg,bg,bg,bg,bg,bg,bg,bg,bg,bg,bg,bg,bg,bg,bg,bg,bg,bg,bg,bg,bg,bg,bg,bg,bg,bg,bg,bg,bg,bg,bg,bg,bg,bg,bg,bg,bg,bg,bg,bg,bg,bg,bg,bg,bg,bg,bg,bg,bg,bg,bg,bg,bg,bg,bg,bg,bg,bg,bg,bg,bg,bg,bg,bg,bg,bg,bg,bg,bg,bg,bg,bg,bg,bg,bg,bg,bg,bg,bg,bg,bg,bg,bg,bg,bg
bg,bg,bg,bg,bg,bg,bg,bg,bg,bg,bg,bg,bg,bg,bg,bg,bg,bg,bg,bg,bg,bg,bg,bg,bg,bg,bg,bg,bg,bg,bg,bg,bg,bg,bg,bg,bg,bg,bg,bg,bg,bg,bg,bg,bg,bg,bg,bg,bg,bg,bg,bg,bg,bg,bg,bg,bg,bg,bg,bg,bg,bg,bg,bg,bg,bg,bg,bg,bg,bg,bg,bg,bg,bg,bg,bg,bg,bg,bg,bg,bg,bg,bg,bg,bg,bg,bg,bg,bg,bg,bg,bg,bg,bg,bg,bg,bg,bg,bg,bg
bg,bg,bg,bg,bg,bg,bg,bg,bg,bg,bg,bg,bg,bg,bg,bg,bg,bg,bg,bg,bg,bg,bg,bg,bg,bg,bg,bg,bg,bg,bg,bg,bg,bg,bg,bg,bg,bg,bg,bg,bg,bg,bg,bg,bg,bg,bg,bg,bg,bg,bg,bg,bg,bg,bg,bg,bg,bg,bg,bg,bg,bg,bg,bg,bg,bg,bg,bg,bg,bg,bg,bg,bg,bg,bg,bg,bg,bg,bg,bg,bg,bg,bg,bg,bg,bg,bg,bg,bg,bg,bg,bg,bg,bg,bg,bg,bg,bg,bg,bg
bg,bg,bg,bg,bg,bg,bg,bg,bg,bg,bg,bg,bg,bg,bg,bg,bg,bg,bg,bg,bg,bg,bg,bg,bg,bg,bg,bg,bg,bg,bg,bg,bg,bg,bg,bg,bg,bg,bg,bg,bg,bg,bg,bg,bg,bg,bg,bg,bg,bg,bg,bg,bg,bg,bg,bg,bg,bg,bg,bg,bg,bg,bg,bg,bg,bg,bg,bg,bg,bg,bg,bg,bg,bg,bg,bg,bg,bg,bg,bg,bg,bg,bg,bg,bg,bg,bg,bg,bg,bg,bg,bg,bg,bg,bg,bg,bg,bg,bg,bg
bg,bg,bg,bg,bg,bg,bg,bg,bg,bg,bg,bg,bg,bg,bg,bg,bg,bg,bg,bg,bg,bg,bg,bg,bg,bg,bg,bg,bg,bg,bg,bg,bg,bg,bg,bg,bg,bg,bg,bg,bg,bg,bg,bg,bg,bg,bg,bg,bg,bg,bg,bg,bg,bg,bg,bg,bg,bg,bg,bg,bg,bg,bg,bg,bg,bg,bg,bg,bg,bg,bg,bg,bg,bg,bg,bg,bg,bg,bg,bg,bg,bg,bg,bg,bg,bg,bg,bg,bg,bg,bg,bg,bg,bg,bg,bg,bg,bg,bg,bg
bg,bg,bg,bg,bg,bg,bg,bg,bg,bg,bg,bg,bg,bg,bg,bg,bg,bg,bg,bg,bg,bg,bg,bg,bg,bg,bg,bg,bg,bg,bg,bg,bg,bg,bg,bg,bg,bg,bg,bg,bg,bg,bg,bg,bg,bg,bg,bg,bg,bg,bg,bg,bg,bg,bg,bg,bg,bg,bg,bg,bg,bg,bg,bg,bg,bg,bg,bg,bg,bg,bg,bg,bg,bg,bg,bg,bg,bg,bg,bg,bg,bg,bg,bg,bg,bg,bg,bg,bg,bg,bg,bg,bg,bg,bg,bg,bg,bg,bg,bg
bg,bg,bg,bg,bg,bg,bg,bg,bg,bg,bg,bg,bg,bg,bg,bg,bg,bg,bg,bg,bg,bg,bg,bg,bg,bg,bg,bg,bg,bg,bg,bg,bg,bg,bg,bg,bg,bg,bg,bg,bg,bg,bg,bg,bg,bg,bg,bg,bg,bg,bg,bg,bg,bg,bg,bg,bg,bg,bg,bg,bg,bg,bg,bg,bg,bg,bg,bg,bg,bg,bg,bg,bg,bg,bg,bg,bg,bg,bg,bg,bg,bg,bg,bg,bg,bg,bg,bg,bg,bg,bg,bg,bg,bg,bg,bg,bg,bg,bg,bg
bg,bg,bg,bg,bg,bg,bg,bg,bg,bg,bg,bg,bg,bg,bg,bg,bg,bg,bg,bg,bg,bg,bg,bg,bg,bg,bg,bg,bg,bg,bg,bg,bg,bg,bg,bg,bg,bg,bg,bg,bg,bg,bg,bg,bg,bg,bg,bg,bg,bg,bg,bg,bg,bg,bg,bg,bg,bg,bg,bg,bg,bg,bg,bg,bg,bg,bg,bg,bg,bg,bg,bg,bg,bg,bg,bg,bg,bg,bg,bg,bg,bg,bg,bg,bg,bg,bg,bg,bg,bg,bg,bg,bg,bg,bg,bg,bg,bg,bg,bg
bg,bg,bg,bg,bg,bg,bg,bg,bg,bg,bg,bg,bg,bg,bg,bg,bg,bg,bg,bg,bg,bg,bg,bg,bg,bg,bg,bg,bg,bg,bg,bg,bg,bg,bg,bg,bg,bg,bg,bg,bg,bg,bg,bg,bg,bg,bg,bg,bg,bg,bg,bg,bg,bg,bg,bg,bg,bg,bg,bg,bg,bg,bg,bg,bg,bg,bg,bg,bg,bg,bg,bg,bg,bg,bg,bg,bg,bg,bg,bg,bg,bg,bg,bg,bg,bg,bg,bg,bg,bg,bg,bg,bg,bg,bg,bg,bg,bg,bg,bg
bg,bg,bg,bg,bg,bg,bg,bg,bg,bg,bg,bg,bg,bg,bg,bg,bg,bg,bg,bg,bg,bg,bg,bg,bg,bg,bg,bg,bg,bg,bg,bg,bg,bg,bg,bg,bg,bg,bg,bg,bg,bg,bg,bg,bg,bg,bg,bg,bg,bg,bg,bg,bg,bg,bg,bg,bg,bg,bg,bg,bg,bg,bg,bg,bg,bg,bg,bg,bg,bg,bg,bg,bg,bg,bg,bg,bg,bg,bg,bg,bg,bg,bg,bg,bg,bg,bg,bg,bg,bg,bg,bg,bg,bg,bg,bg,bg,bg,bg,bg
bg,bg,bg,bg,bg,bg,bg,bg,bg,bg,bg,bg,bg,bg,bg,bg,bg,bg,bg,bg,bg,bg,bg,bg,bg,bg,bg,bg,bg,bg,bg,bg,bg,bg,bg,bg,bg,bg,bg,bg,bg,bg,bg,bg,bg,bg,bg,bg,bg,bg,bg,bg,bg,bg,bg,bg,bg,bg,bg,bg,bg,bg,bg,bg,bg,bg,bg,bg,bg,bg,bg,bg,bg,bg,bg,bg,bg,bg,bg,bg,bg,bg,bg,bg,bg,bg,bg,bg,bg,bg,bg,bg,bg,bg,bg,bg,bg,bg,bg,bg
bg,bg,bg,bg,bg,bg,bg,bg,bg,bg,bg,bg,bg,bg,bg,bg,bg,bg,bg,bg,bg,bg,bg,bg,bg,bg,bg,bg,bg,bg,bg,bg,bg,bg,bg,bg,bg,bg,bg,bg,bg,bg,bg,bg,bg,bg,bg,bg,bg,bg,bg,bg,bg,bg,bg,bg,bg,bg,bg,bg,bg,bg,bg,bg,bg,bg,bg,bg,bg,bg,bg,bg,bg,bg,bg,bg,bg,bg,bg,bg,bg,bg,bg,bg,bg,bg,bg,bg,bg,bg,bg,bg,bg,bg,bg,bg,bg,bg,bg,bg
bg,bg,bg,bg,bg,bg,bg,bg,bg,bg,bg,bg,bg,bg,bg,bg,bg,bg,bg,bg,bg,bg,bg,bg,bg,bg,bg,bg,bg,bg,bg,bg,bg,bg,bg,bg,bg,bg,bg,bg,bg,bg,bg,bg,bg,bg,bg,bg,bg,bg,bg,bg,bg,bg,bg,bg,bg,bg,bg,bg,bg,bg,bg,bg,bg,bg,bg,bg,bg,bg,bg,bg,bg,bg,bg,bg,bg,bg,bg,bg,bg,bg,bg,bg,bg,bg,bg,bg,bg,bg,bg,bg,bg,bg,bg,bg,bg,bg,bg,bg
bg,bg,bg,bg,bg,bg,bg,bg,bg,bg,bg,bg,bg,bg,bg,bg,bg,bg,bg,bg,bg,bg,bg,bg,bg,bg,bg,bg,bg,bg,bg,bg,bg,bg,bg,bg,bg,bg,bg,bg,bg,bg,bg,bg,bg,bg,bg,bg,bg,bg,bg,bg,bg,bg,bg,bg,bg,bg,bg,bg,bg,bg,bg,bg,bg,bg,bg,bg,bg,bg,bg,bg,bg,bg,bg,bg,bg,bg,bg,bg,bg,bg,bg,bg,bg,bg,bg,bg,bg,bg,bg,bg,bg,bg,bg,bg,bg,bg,bg,bg
bg,bg,bg,bg,bg,bg,bg,bg,bg,bg,bg,bg,bg,bg,bg,bg,bg,bg,bg,bg,bg,bg,bg,bg,bg,bg,bg,bg,bg,bg,bg,bg,bg,bg,bg,bg,bg,bg,bg,bg,bg,bg,bg,bg,bg,bg,bg,bg,bg,bg,bg,bg,bg,bg,bg,bg,bg,bg,bg,bg,bg,bg,bg,bg,bg,bg,bg,bg,bg,bg,bg,bg,bg,bg,bg,bg,bg,bg,bg,bg,bg,bg,bg,bg,bg,bg,bg,bg,bg,bg,bg,bg,bg,bg,bg,bg,bg,bg,bg,bg
bg,bg,bg,bg,bg,bg,bg,bg,bg,bg,bg,bg,bg,bg,bg,bg,bg,bg,bg,bg,bg,bg,bg,bg,bg,bg,bg,bg,bg,bg,bg,bg,bg,bg,bg,bg,bg,bg,bg,bg,bg,bg,bg,bg,bg,bg,bg,bg,bg,bg,bg,bg,bg,bg,bg,bg,bg,bg,bg,bg,bg,bg,bg,bg,bg,bg,bg,bg,bg,bg,bg,bg,bg,bg,bg,bg,bg,bg,bg,bg,bg,bg,bg,bg,bg,bg,bg,bg,bg,bg,bg,bg,bg,bg,bg,bg,bg,bg,bg,bg
bg,bg,bg,bg,bg,bg,bg,bg,bg,bg,bg,bg,bg,bg,bg,bg,bg,bg,bg,bg,bg,bg,bg,bg,bg,bg,bg,bg,bg,bg,bg,bg,bg,bg,bg,bg,bg,bg,bg,bg,bg,bg,bg,bg,bg,bg,bg,bg,bg,bg,bg,bg,bg,bg,bg,bg,bg,bg,bg,bg,bg,bg,bg,bg,bg,bg,bg,bg,bg,bg,bg,bg,bg,bg,bg,bg,bg,bg,bg,bg,bg,bg,bg,bg,bg,bg,bg,bg,bg,bg,bg,bg,bg,bg,bg,bg,bg,bg,bg,bg
bg,bg,bg,bg,bg,bg,bg,bg,bg,bg,bg,bg,bg,bg,bg,bg,bg,bg,bg,bg,bg,bg,bg,bg,bg,bg,bg,bg,bg,bg,bg,bg,bg,bg,bg,bg,bg,bg,bg,bg,bg,bg,bg,bg,bg,bg,bg,bg,bg,bg,bg,bg,bg,bg,bg,bg,bg,bg,bg,bg,bg,bg,bg,bg,bg,bg,bg,bg,bg,bg,bg,bg,bg,bg,bg,bg,bg,bg,bg,bg,bg,bg,bg,bg,bg,bg,bg,bg,bg,bg,bg,bg,bg,bg,bg,bg,bg,bg,bg,bg
bg,bg,bg,bg,bg,bg,bg,bg,bg,bg,bg,bg,bg,bg,bg,bg,bg,bg,bg,bg,bg,bg,bg,bg,bg,bg,bg,bg,bg,bg,bg,bg,bg,bg,bg,bg,bg,bg,bg,bg,bg,bg,bg,bg,bg,bg,bg,bg,bg,bg,bg,bg,bg,bg,bg,bg,bg,bg,bg,bg,bg,bg,bg,bg,bg,bg,bg,bg,bg,bg,bg,bg,bg,bg,bg,bg,bg,bg,bg,bg,bg,bg,bg,bg,bg,bg,bg,bg,bg,bg,bg,bg,bg,bg,bg,bg,bg,bg,bg,bg
bg,bg,bg,bg,bg,bg,bg,bg,bg,bg,bg,bg,bg,bg,bg,bg,bg,bg,bg,bg,bg,bg,bg,bg,bg,bg,bg,bg,bg,bg,bg,bg,bg,bg,bg,bg,bg,bg,bg,bg,bg,bg,bg,bg,bg,bg,bg,bg,bg,bg,bg,bg,bg,bg,bg,bg,bg,bg,bg,bg,bg,bg,bg,bg,bg,bg,bg,bg,bg,bg,bg,bg,bg,bg,bg,bg,bg,bg,bg,bg,bg,bg,bg,bg,bg,bg,bg,bg,bg,bg,bg,bg,bg,bg,bg,bg,bg,bg,bg,bg
bg,bg,bg,bg,bg,bg,bg,bg,bg,bg,bg,bg,bg,bg,bg,bg,bg,bg,bg,bg,bg,bg,bg,bg,bg,bg,bg,bg,bg,bg,bg,bg,bg,bg,bg,bg,bg,bg,bg,bg,bg,bg,bg,bg,bg,bg,bg,bg,bg,bg,bg,bg,bg,bg,bg,bg,bg,bg,bg,bg,bg,bg,bg,bg,bg,bg,bg,bg,bg,bg,bg,bg,bg,bg,bg,bg,bg,bg,bg,bg,bg,bg,bg,bg,bg,bg,bg,bg,bg,bg,bg,bg,bg,bg,bg,bg,bg,bg,bg,bg
bg,bg,bg,bg,bg,bg,bg,bg,bg,bg,bg,bg,bg,bg,bg,bg,bg,bg,bg,bg,bg,bg,bg,bg,bg,bg,bg,bg,bg,bg,bg,bg,bg,bg,bg,ST,bg,bg,bg,bg,bg,bg,bg,bg,bg,bg,bg,bg,bg,bg,bg,bg,bg,bg,bg,bg,bg,bg,bg,bg,bg,bg,bg,bg,bg,bg,bg,bg,bg,bg,bg,bg,bg,bg,bg,bg,bg,bg,bg,bg,bg,bg,bg,bg,bg,bg,bg,bg,bg,bg,bg,bg,bg,bg,bg,bg,bg,bg,bg,bg
bg,bg,bg,bg,bg,bg,bg,bg,bg,bg,bg,bg,bg,bg,bg,bg,bg,bg,bg,bg,bg,bg,bg,bg,bg,bg,bg,bg,bg,bg,bg,bg,bg,bg,bg,bg,bg,bg,bg,bg,bg,bg,bg,bg,bg,bg,bg,bg,bg,bg,bg,bg,bg,bg,bg,bg,bg,bg,bg,bg,bg,bg,bg,bg,bg,bg,bg,bg,bg,bg,bg,bg,bg,bg,bg,bg,bg,bg,bg,bg,bg,bg,bg,bg,bg,bg,bg,bg,bg,bg,bg,bg,bg,bg,bg,bg,bg,bg,bg,bg
bg,bg,bg,bg,bg,bg,bg,bg,bg,bg,bg,bg,bg,bg,bg,bg,bg,bg,bg,bg,bg,bg,bg,bg,bg,bg,bg,bg,bg,bg,bg,bg,bg,bg,bg,bg,bg,bg,bg,bg,bg,bg,bg,bg,bg,bg,bg,bg,bg,bg,bg,bg,bg,bg,bg,bg,bg,bg,bg,bg,bg,bg,bg,bg,bg,bg,bg,bg,bg,bg,bg,bg,bg,bg,bg,bg,bg,bg,bg,bg,bg,bg,bg,bg,bg,bg,bg,bg,bg,bg,bg,bg,bg,bg,bg,bg,bg,bg,bg,bg
bg,bg,bg,bg,bg,bg,bg,bg,bg,bg,bg,bg,bg,bg,bg,bg,bg,bg,bg,bg,bg,bg,bg,bg,bg,bg,bg,bg,bg,bg,bg,bg,bg,bg,bg,bg,bg,bg,bg,bg,bg,bg,bg,bg,bg,bg,bg,bg,bg,bg,bg,bg,bg,bg,bg,bg,bg,bg,bg,bg,bg,bg,bg,bg,bg,bg,bg,bg,bg,bg,bg,bg,bg,bg,bg,bg,bg,bg,bg,bg,bg,bg,bg,bg,bg,bg,bg,bg,bg,bg,bg,bg,bg,bg,bg,bg,bg,bg,bg,bg
bg,bg,bg,bg,bg,bg,bg,bg,bg,bg,bg,bg,bg,bg,bg,bg,bg,bg,bg,bg,bg,bg,bg,bg,bg,bg,bg,bg,bg,bg,bg,bg,bg,bg,bg,bg,bg,bg,bg,bg,bg,bg,bg,bg,bg,bg,bg,bg,bg,bg,bg,bg,bg,bg,bg,bg,bg,bg,bg,bg,bg,bg,bg,bg,bg,bg,bg,bg,bg,bg,bg,bg,bg,bg,bg,bg,bg,bg,bg,bg,bg,bg,bg,bg,bg,bg,bg,bg,bg,bg,bg,bg,bg,bg,bg,bg,bg,bg,bg,bg
bg,bg,bg,bg,bg,bg,bg,bg,bg,bg,bg,bg,bg,bg,bg,bg,bg,bg,bg,bg,bg,bg,bg,bg,bg,bg,bg,bg,bg,bg,bg,bg,bg,bg,bg,bg,bg,bg,bg,bg,bg,bg,bg,bg,bg,bg,bg,bg,bg,bg,bg,bg,bg,bg,bg,bg,bg,bg,bg,bg,bg,bg,bg,bg,bg,bg,bg,bg,bg,bg,bg,bg,bg,bg,bg,bg,bg,bg,bg,bg,bg,bg,bg,bg,bg,bg,bg,bg,bg,bg,bg,bg,bg,bg,bg,bg,bg,bg,bg,bg
bg,bg,bg,bg,bg,bg,bg,bg,bg,bg,bg,bg,bg,bg,bg,bg,bg,bg,bg,bg,bg,bg,bg,bg,bg,bg,bg,bg,bg,bg,bg,bg,bg,bg,bg,bg,bg,bg,bg,bg,bg,bg,bg,bg,bg,bg,bg,bg,bg,bg,bg,bg,bg,bg,bg,bg,bg,bg,bg,bg,bg,bg,bg,bg,bg,bg,bg,bg,bg,bg,bg,bg,bg,bg,bg,bg,bg,bg,bg,bg,bg,bg,bg,bg,bg,bg,bg,bg,bg,bg,bg,bg,bg,bg,bg,bg,bg,bg,bg,bg
bg,bg,bg,bg,bg,bg,bg,bg,bg,bg,bg,bg,bg,bg,bg,bg,bg,bg,bg,bg,bg,bg,bg,bg,bg,bg,bg,bg,bg,bg,bg,bg,bg,bg,bg,bg,bg,bg,bg,bg,bg,bg,bg,bg,bg,bg,bg,bg,bg,bg,bg,bg,bg,bg,bg,bg,bg,bg,bg,bg,bg,bg,bg,bg,bg,bg,bg,bg,bg,bg,bg,bg,bg,bg,bg,bg,bg,bg,bg,bg,bg,bg,bg,bg,bg,bg,bg,bg,bg,bg,bg,bg,bg,bg,bg,bg,bg,bg,bg,bg
bg,bg,bg,bg,bg,bg,bg,bg,bg,bg,bg,bg,bg,bg,bg,bg,bg,bg,bg,bg,bg,bg,bg,bg,bg,bg,bg,bg,bg,bg,bg,bg,bg,bg,bg,bg,bg,bg,bg,bg,bg,bg,bg,bg,bg,bg,bg,bg,bg,bg,bg,bg,bg,bg,bg,bg,bg,bg,bg,bg,bg,bg,bg,bg,bg,bg,bg,bg,bg,bg,bg,bg,bg,bg,bg,bg,bg,bg,bg,bg,bg,bg,bg,bg,bg,bg,bg,bg,bg,bg,bg,bg,bg,bg,bg,bg,bg,bg,bg,bg
bg,bg,bg,bg,bg,bg,bg,bg,bg,bg,bg,bg,bg,bg,bg,bg,bg,bg,bg,bg,bg,bg,bg,bg,bg,bg,bg,bg,bg,bg,bg,bg,bg,bg,bg,bg,bg,bg,bg,bg,bg,bg,bg,bg,bg,bg,bg,bg,bg,bg,bg,bg,bg,bg,bg,bg,bg,bg,bg,bg,bg,bg,bg,bg,bg,bg,bg,bg,bg,bg,bg,bg,bg,bg,bg,bg,bg,bg,bg,bg,bg,bg,bg,bg,bg,bg,bg,bg,bg,bg,bg,bg,bg,bg,bg,bg,bg,bg,bg,bg
bg,bg,bg,bg,bg,bg,bg,bg,bg,bg,bg,bg,bg,bg,bg,bg,bg,bg,bg,bg,bg,bg,bg,bg,bg,bg,bg,bg,bg,bg,bg,bg,bg,bg,bg,bg,bg,bg,bg,bg,bg,bg,bg,bg,bg,bg,bg,bg,bg,bg,bg,bg,bg,bg,bg,bg,bg,bg,bg,bg,bg,bg,bg,bg,bg,bg,bg,bg,bg,bg,bg,bg,bg,bg,bg,bg,bg,bg,bg,bg,bg,bg,bg,bg,bg,bg,bg,bg,bg,bg,bg,bg,bg,bg,bg,bg,bg,bg,bg,bg
bg,bg,bg,bg,bg,bg,bg,bg,bg,bg,bg,bg,bg,bg,bg,bg,bg,bg,bg,bg,bg,bg,bg,bg,bg,bg,bg,bg,bg,bg,bg,bg,bg,bg,bg,bg,bg,bg,bg,bg,bg,bg,bg,bg,bg,bg,bg,bg,bg,bg,bg,bg,bg,bg,bg,bg,bg,bg,bg,bg,bg,bg,bg,bg,bg,bg,bg,bg,bg,bg,bg,bg,bg,bg,bg,bg,bg,bg,bg,bg,bg,bg,bg,bg,bg,bg,bg,bg,bg,bg,bg,bg,bg,bg,bg,bg,bg,bg,bg,bg
bg,bg,bg,bg,bg,bg,bg,bg,bg,bg,bg,bg,bg,bg,bg,bg,bg,bg,bg,bg,bg,bg,bg,bg,bg,bg,bg,bg,bg,bg,bg,bg,bg,bg,bg,bg,bg,bg,bg,bg,bg,bg,bg,bg,bg,bg,bg,bg,bg,bg,bg,bg,bg,bg,bg,bg,bg,bg,bg,bg,bg,bg,bg,bg,bg,bg,bg,bg,bg,bg,bg,bg,bg,bg,bg,bg,bg,bg,bg,bg,bg,bg,bg,bg,bg,bg,bg,bg,bg,bg,bg,bg,bg,bg,bg,bg,bg,bg,bg,bg
bg,bg,bg,bg,bg,bg,bg,bg,bg,bg,bg,bg,bg,bg,bg,bg,bg,bg,bg,bg,bg,bg,bg,bg,bg,bg,bg,bg,bg,bg,bg,bg,bg,bg,bg,bg,bg,bg,bg,bg,bg,bg,bg,bg,bg,bg,bg,bg,bg,bg,bg,bg,bg,bg,bg,bg,bg,bg,bg,bg,bg,bg,bg,bg,bg,bg,bg,bg,bg,bg,bg,bg,bg,bg,bg,bg,bg,bg,bg,bg,bg,bg,bg,bg,bg,bg,bg,bg,bg,bg,bg,bg,bg,bg,bg,bg,bg,bg,bg,bg
bg,bg,bg,bg,bg,bg,bg,bg,bg,bg,bg,bg,bg,bg,bg,bg,bg,bg,bg,bg,bg,bg,bg,bg,bg,bg,bg,bg,bg,bg,bg,bg,bg,bg,bg,bg,bg,bg,bg,bg,bg,bg,bg,bg,bg,bg,bg,bg,bg,bg,bg,bg,bg,bg,bg,bg,bg,bg,bg,bg,bg,bg,bg,bg,bg,bg,bg,bg,bg,bg,bg,bg,bg,bg,bg,bg,bg,bg,bg,bg,bg,bg,bg,bg,bg,bg,bg,bg,bg,bg,bg,bg,bg,bg,bg,bg,bg,bg,bg,bg
bg,bg,bg,bg,bg,bg,bg,bg,bg,bg,bg,bg,bg,bg,bg,bg,bg,bg,bg,bg,bg,bg,bg,bg,bg,bg,bg,bg,bg,bg,bg,bg,bg,bg,bg,bg,bg,bg,bg,bg,bg,bg,bg,bg,bg,bg,bg,bg,bg,bg,bg,bg,bg,bg,bg,bg,bg,bg,bg,bg,bg,bg,bg,bg,bg,bg,bg,bg,bg,bg,bg,bg,bg,bg,bg,bg,bg,bg,bg,bg,bg,bg,bg,bg,bg,bg,bg,bg,bg,bg,bg,bg,bg,bg,bg,bg,bg,bg,bg,bg
bg,bg,bg,bg,bg,bg,bg,bg,bg,bg,bg,bg,bg,bg,bg,bg,bg,bg,bg,bg,bg,bg,bg,bg,bg,bg,bg,bg,bg,bg,bg,bg,bg,bg,bg,bg,bg,bg,bg,bg,bg,bg,bg,bg,bg,bg,bg,bg,bg,bg,bg,bg,bg,bg,bg,bg,bg,bg,bg,bg,bg,bg,bg,bg,bg,bg,bg,bg,bg,bg,bg,bg,bg,bg,bg,bg,bg,bg,bg,bg,bg,bg,bg,bg,bg,bg,bg,bg,bg,bg,bg,bg,bg,bg,bg,bg,bg,bg,bg,bg
bg,bg,bg,bg,bg,bg,bg,bg,bg,bg,bg,bg,bg,bg,bg,bg,bg,bg,bg,bg,bg,bg,bg,bg,bg,bg,bg,bg,bg,bg,bg,bg,bg,bg,bg,bg,bg,bg,bg,bg,bg,bg,bg,bg,bg,bg,bg,bg,bg,bg,bg,bg,bg,bg,bg,bg,bg,bg,bg,bg,bg,bg,bg,bg,bg,bg,bg,bg,bg,bg,bg,bg,bg,bg,bg,bg,bg,bg,bg,bg,bg,bg,bg,bg,bg,bg,bg,bg,bg,bg,bg,bg,bg,bg,bg,bg,bg,bg,bg,bg
bg,bg,bg,bg,bg,bg,bg,bg,bg,bg,bg,bg,bg,bg,bg,bg,bg,bg,bg,bg,bg,bg,bg,bg,bg,bg,bg,bg,bg,bg,bg,bg,bg,bg,bg,bg,bg,bg,bg,bg,bg,bg,bg,bg,bg,bg,bg,bg,bg,bg,bg,bg,bg,bg,bg,bg,bg,bg,bg,bg,bg,bg,bg,bg,bg,bg,bg,bg,bg,bg,bg,bg,bg,bg,bg,bg,bg,bg,bg,bg,bg,bg,bg,bg,bg,bg,bg,bg,bg,bg,bg,bg,bg,bg,bg,bg,bg,bg,bg,bg
bg,bg,bg,bg,bg,bg,bg,bg,bg,bg,bg,bg,bg,bg,bg,bg,bg,bg,bg,bg,bg,bg,bg,bg,bg,bg,bg,bg,bg,bg,bg,bg,bg,bg,bg,bg,bg,bg,bg,bg,bg,bg,bg,bg,bg,bg,bg,bg,bg,bg,bg,bg,bg,bg,bg,bg,bg,bg,bg,bg,bg,bg,bg,bg,bg,bg,bg,bg,bg,bg,bg,bg,bg,bg,bg,bg,bg,bg,bg,bg,bg,bg,bg,bg,bg,bg,bg,bg,bg,bg,bg,bg,bg,bg,bg,bg,bg,bg,bg,bg
bg,bg,bg,bg,bg,bg,bg,bg,bg,bg,bg,bg,bg,bg,bg,bg,bg,bg,bg,bg,bg,bg,bg,bg,bg,bg,bg,bg,bg,bg,bg,bg,bg,bg,bg,bg,bg,bg,bg,bg,bg,bg,bg,bg,bg,bg,bg,bg,bg,bg,bg,bg,bg,bg,bg,bg,bg,bg,bg,bg,bg,bg,bg,bg,bg,bg,bg,bg,bg,bg,bg,bg,bg,bg,bg,bg,bg,bg,bg,bg,bg,bg,bg,bg,bg,bg,bg,bg,bg,bg,bg,bg,bg,bg,bg,bg,bg,bg,bg,bg
bg,bg,bg,bg,bg,bg,bg,bg,bg,bg,bg,bg,bg,bg,bg,bg,bg,bg,bg,bg,bg,bg,bg,bg,bg,bg,bg,bg,bg,bg,bg,bg,bg,bg,bg,bg,bg,bg,bg,bg,bg,bg,bg,bg,bg,bg,bg,bg,bg,bg,bg,bg,bg,bg,bg,bg,bg,bg,bg,bg,bg,bg,bg,bg,bg,bg,bg,bg,bg,bg,bg,bg,bg,bg,bg,bg,bg,bg,bg,bg,bg,bg,bg,bg,bg,bg,bg,bg,bg,bg,bg,bg,bg,bg,bg,bg,bg,bg,bg,bg
bg,bg,bg,bg,bg,bg,bg,bg,bg,bg,bg,bg,bg,bg,bg,bg,bg,bg,bg,bg,bg,bg,bg,bg,bg,bg,bg,bg,bg,bg,bg,bg,bg,bg,bg,bg,bg,bg,bg,bg,bg,bg,bg,bg,bg,bg,bg,bg,bg,bg,bg,bg,bg,bg,bg,bg,bg,bg,bg,bg,bg,bg,bg,bg,bg,bg,bg,bg,bg,bg,bg,bg,bg,bg,bg,bg,bg,bg,bg,bg,bg,bg,bg,bg,bg,bg,bg,bg,bg,bg,bg,bg,bg,bg,bg,bg,bg,bg,bg,bg
bg,bg,bg,bg,bg,bg,bg,bg,bg,bg,bg,bg,bg,bg,bg,bg,bg,bg,bg,bg,bg,bg,bg,bg,bg,bg,bg,bg,bg,bg,bg,bg,bg,bg,bg,bg,bg,bg,bg,bg,bg,bg,bg,bg,bg,bg,bg,bg,bg,bg,bg,bg,bg,bg,bg,bg,bg,bg,bg,bg,bg,bg,bg,bg,bg,bg,bg,bg,bg,bg,bg,bg,bg,bg,bg,bg,bg,bg,bg,bg,bg,bg,bg,bg,bg,bg,bg,bg,bg,bg,bg,bg,bg,bg,bg,bg,bg,bg,bg,bg
bg,bg,bg,bg,bg,bg,bg,bg,bg,bg,bg,bg,bg,bg,bg,bg,bg,bg,bg,bg,bg,bg,bg,bg,bg,bg,bg,bg,bg,bg,bg,bg,bg,bg,bg,bg,bg,bg,bg,bg,bg,bg,bg,bg,bg,bg,bg,bg,bg,bg,bg,bg,bg,bg,bg,bg,bg,bg,bg,bg,bg,bg,bg,bg,bg,bg,bg,bg,bg,bg,bg,bg,bg,bg,bg,bg,bg,bg,bg,bg,bg,bg,bg,bg,bg,bg,bg,bg,bg,bg,bg,bg,bg,bg,bg,bg,bg,bg,bg,bg
bg,bg,bg,bg,bg,bg,bg,bg,bg,bg,bg,bg,bg,bg,bg,bg,bg,bg,bg,bg,bg,bg,bg,bg,bg,bg,bg,bg,bg,bg,bg,bg,bg,bg,bg,bg,bg,bg,bg,bg,bg,bg,bg,bg,bg,bg,bg,bg,bg,bg,bg,bg,bg,bg,bg,bg,bg,bg,bg,bg,bg,bg,bg,bg,bg,bg,bg,bg,bg,bg,bg,bg,bg,bg,bg,bg,bg,bg,bg,bg,bg,bg,bg,bg,bg,bg,bg,bg,bg,bg,bg,bg,bg,bg,bg,bg,bg,bg,bg,bg
bg,bg,bg,bg,bg,bg,bg,bg,bg,bg,bg,bg,bg,bg,bg,bg,bg,bg,bg,bg,bg,bg,bg,bg,bg,bg,bg,bg,bg,bg,bg,bg,bg,bg,bg,bg,bg,bg,bg,bg,bg,bg,bg,bg,bg,bg,bg,bg,bg,bg,bg,bg,bg,bg,bg,bg,bg,bg,bg,bg,bg,bg,bg,bg,bg,bg,bg,bg,bg,bg,bg,bg,bg,bg,bg,bg,bg,bg,bg,bg,bg,bg,bg,bg,bg,bg,bg,bg,bg,bg,bg,bg,bg,bg,bg,bg,bg,bg,bg,bg
bg,bg,bg,bg,bg,bg,bg,bg,bg,bg,bg,bg,bg,bg,bg,bg,bg,bg,bg,bg,bg,bg,bg,bg,bg,bg,bg,bg,bg,bg,bg,bg,bg,bg,bg,bg,bg,bg,bg,bg,bg,bg,bg,bg,bg,bg,bg,bg,bg,bg,bg,bg,bg,bg,bg,bg,bg,bg,bg,bg,bg,bg,bg,bg,bg,bg,bg,bg,bg,bg,bg,bg,bg,bg,bg,bg,bg,bg,bg,bg,bg,bg,bg,bg,bg,bg,bg,bg,bg,bg,bg,bg,bg,bg,bg,bg,bg,bg,bg,bg
bg,bg,bg,bg,bg,bg,bg,bg,bg,bg,bg,bg,bg,bg,bg,bg,bg,bg,bg,bg,bg,bg,bg,bg,bg,bg,bg,bg,bg,bg,bg,bg,bg,bg,bg,bg,bg,bg,bg,bg,bg,bg,bg,bg,bg,bg,bg,bg,bg,bg,bg,bg,bg,bg,bg,bg,bg,bg,bg,bg,bg,bg,bg,bg,bg,bg,bg,bg,bg,bg,bg,bg,bg,bg,bg,bg,bg,bg,bg,bg,bg,bg,bg,bg,bg,bg,bg,bg,bg,bg,bg,bg,bg,bg,bg,bg,bg,bg,bg,bg
bg,bg,bg,bg,bg,bg,bg,bg,bg,bg,bg,bg,bg,bg,bg,bg,bg,bg,bg,bg,bg,bg,bg,bg,bg,bg,bg,bg,bg,bg,bg,bg,bg,bg,bg,bg,bg,bg,bg,bg,bg,bg,bg,bg,bg,bg,bg,bg,bg,bg,bg,bg,bg,bg,bg,bg,bg,bg,bg,bg,bg,bg,bg,bg,bg,bg,bg,bg,bg,bg,bg,bg,bg,bg,bg,bg,bg,bg,bg,bg,bg,bg,bg,bg,bg,bg,bg,bg,bg,bg,bg,bg,bg,bg,bg,bg,bg,bg,bg,bg
bg,bg,bg,bg,bg,bg,bg,bg,bg,bg,bg,bg,bg,bg,bg,bg,bg,bg,bg,bg,bg,bg,bg,bg,bg,bg,bg,bg,bg,bg,bg,bg,bg,bg,bg,bg,bg,bg,bg,bg,bg,bg,bg,bg,bg,bg,bg,bg,bg,bg,bg,bg,bg,bg,bg,bg,bg,bg,bg,bg,bg,bg,bg,bg,bg,bg,bg,bg,bg,bg,bg,bg,bg,bg,bg,bg,bg,bg,bg,bg,bg,bg,bg,bg,bg,bg,bg,bg,bg,bg,bg,bg,bg,bg,bg,bg,bg,bg,bg,bg
bg,bg,bg,bg,bg,bg,bg,bg,bg,bg,bg,bg,bg,bg,bg,bg,bg,bg,bg,bg,bg,bg,bg,bg,bg,bg,bg,bg,bg,bg,bg,bg,bg,bg,bg,bg,bg,bg,bg,bg,bg,bg,bg,bg,bg,bg,bg,bg,bg,bg,bg,bg,bg,bg,bg,bg,bg,bg,bg,bg,bg,bg,bg,bg,bg,bg,bg,bg,bg,bg,bg,bg,bg,bg,bg,bg,bg,bg,bg,bg,bg,bg,bg,bg,bg,bg,bg,bg,bg,bg,bg,bg,bg,bg,bg,bg,bg,bg,bg,bg
bg,bg,bg,bg,bg,bg,bg,bg,bg,bg,bg,bg,bg,bg,bg,bg,bg,bg,bg,bg,bg,bg,bg,bg,bg,bg,bg,bg,bg,bg,bg,bg,bg,bg,bg,bg,bg,bg,bg,bg,bg,bg,bg,bg,bg,bg,bg,bg,bg,bg,bg,bg,bg,bg,bg,bg,bg,bg,bg,bg,bg,bg,bg,bg,bg,bg,bg,bg,bg,bg,bg,bg,bg,bg,bg,bg,bg,bg,bg,bg,bg,bg,bg,bg,bg,bg,bg,bg,bg,bg,bg,bg,bg,bg,bg,bg,bg,bg,bg,bg
bg,bg,bg,bg,bg,bg,bg,bg,bg,bg,bg,bg,bg,bg,bg,bg,bg,bg,bg,bg,bg,bg,bg,bg,bg,bg,bg,bg,bg,bg,bg,bg,bg,bg,bg,bg,bg,bg,bg,bg,bg,bg,bg,bg,bg,bg,bg,bg,bg,bg,bg,bg,bg,bg,bg,bg,bg,bg,bg,bg,bg,bg,bg,bg,bg,bg,bg,bg,bg,bg,bg,bg,bg,bg,bg,bg,bg,bg,bg,bg,bg,bg,bg,bg,bg,bg,bg,bg,bg,bg,bg,bg,bg,bg,bg,bg,bg,bg,bg,bg
bg,bg,bg,bg,bg,bg,bg,bg,bg,bg,bg,bg,bg,bg,bg,bg,bg,bg,bg,bg,bg,bg,bg,bg,bg,bg,bg,bg,bg,bg,bg,bg,bg,bg,bg,bg,bg,bg,bg,bg,bg,bg,bg,bg,bg,bg,bg,bg,bg,bg,bg,bg,bg,bg,bg,bg,bg,bg,bg,bg,bg,bg,bg,bg,bg,bg,bg,bg,bg,bg,bg,bg,bg,bg,bg,bg,bg,bg,bg,bg,bg,bg,bg,bg,bg,bg,bg,bg,bg,bg,bg,bg,bg,bg,bg,bg,bg,bg,bg,bg
bg,bg,bg,bg,bg,bg,bg,bg,bg,bg,bg,bg,bg,bg,bg,bg,bg,bg,bg,bg,bg,bg,bg,bg,bg,bg,bg,bg,bg,bg,bg,bg,bg,bg,bg,bg,bg,bg,bg,bg,bg,bg,bg,bg,bg,bg,bg,bg,bg,bg,bg,bg,bg,bg,bg,bg,bg,bg,bg,bg,bg,bg,bg,bg,bg,bg,bg,bg,bg,bg,bg,bg,bg,bg,bg,bg,bg,bg,bg,bg,bg,bg,bg,bg,bg,bg,bg,bg,bg,bg,bg,bg,bg,bg,bg,bg,bg,bg,bg,bg
bg,bg,bg,bg,bg,bg,bg,bg,bg,bg,bg,bg,bg,bg,bg,bg,bg,bg,bg,bg,bg,bg,bg,bg,bg,bg,bg,bg,bg,bg,bg,bg,bg,bg,bg,bg,bg,bg,bg,bg,bg,bg,bg,bg,bg,bg,bg,bg,bg,bg,bg,bg,bg,bg,bg,bg,bg,bg,bg,bg,bg,bg,bg,bg,bg,bg,bg,bg,bg,bg,bg,bg,bg,bg,bg,bg,bg,bg,bg,bg,bg,bg,bg,bg,bg,bg,bg,bg,bg,bg,bg,bg,bg,bg,bg,bg,bg,bg,bg,bg
bg,bg,bg,bg,bg,bg,bg,bg,bg,bg,bg,bg,bg,bg,bg,bg,bg,bg,bg,bg,bg,bg,bg,bg,bg,bg,bg,bg,bg,bg,bg,bg,bg,bg,bg,bg,bg,bg,bg,bg,bg,bg,bg,bg,bg,bg,bg,bg,bg,bg,bg,bg,bg,bg,bg,bg,bg,bg,bg,bg,bg,bg,bg,bg,bg,bg,bg,bg,bg,bg,bg,bg,bg,bg,bg,bg,bg,bg,bg,bg,bg,bg,bg,bg,bg,bg,bg,bg,bg,bg,bg,bg,bg,bg,bg,bg,bg,bg,bg,bg
bg,bg,bg,bg,bg,bg,bg,bg,bg,bg,bg,bg,bg,bg,bg,bg,bg,bg,bg,bg,bg,bg,bg,bg,bg,bg,bg,bg,bg,bg,bg,bg,bg,bg,bg,bg,bg,bg,bg,bg,bg,bg,bg,bg,bg,bg,bg,bg,bg,bg,bg,bg,bg,bg,bg,bg,bg,bg,bg,bg,bg,bg,bg,bg,bg,bg,bg,bg,bg,bg,bg,bg,bg,bg,bg,bg,bg,bg,bg,bg,bg,bg,bg,bg,bg,bg,bg,bg,bg,bg,bg,bg,bg,bg,bg,bg,bg,bg,bg,bg
bg,bg,bg,bg,bg,bg,bg,bg,bg,bg,bg,bg,bg,bg,bg,bg,bg,bg,bg,bg,bg,bg,bg,bg,bg,bg,bg,bg,bg,bg,bg,bg,bg,bg,bg,bg,bg,bg,bg,bg,bg,bg,bg,bg,bg,bg,bg,bg,bg,bg,bg,bg,bg,bg,bg,bg,bg,bg,bg,bg,bg,bg,bg,bg,bg,bg,bg,bg,bg,bg,bg,bg,bg,bg,bg,bg,bg,bg,bg,bg,bg,bg,bg,bg,bg,bg,bg,bg,bg,bg,bg,bg,bg,bg,bg,bg,bg,bg,bg,bg
bg,bg,bg,bg,bg,bg,bg,bg,bg,bg,bg,bg,bg,bg,bg,bg,bg,bg,bg,bg,bg,bg,bg,bg,bg,bg,bg,bg,bg,bg,bg,bg,bg,bg,bg,bg,bg,bg,bg,bg,bg,bg,bg,bg,bg,bg,bg,bg,bg,bg,bg,bg,bg,bg,bg,bg,bg,bg,bg,bg,bg,bg,bg,bg,bg,bg,bg,bg,bg,bg,bg,bg,bg,bg,bg,bg,bg,bg,bg,bg,bg,bg,bg,bg,bg,bg,bg,bg,bg,bg,bg,bg,bg,bg,bg,bg,bg,bg,bg,bg
bg,bg,bg,bg,bg,bg,bg,bg,bg,bg,bg,bg,bg,bg,bg,bg,bg,bg,bg,bg,bg,bg,bg,bg,bg,bg,bg,bg,bg,bg,bg,bg,bg,bg,bg,bg,bg,bg,bg,bg,bg,bg,bg,bg,bg,bg,bg,bg,bg,bg,bg,bg,bg,bg,bg,bg,bg,bg,bg,bg,bg,bg,bg,bg,bg,bg,bg,bg,bg,bg,bg,bg,bg,bg,bg,bg,bg,bg,bg,bg,bg,bg,bg,bg,bg,bg,bg,bg,bg,bg,bg,bg,bg,bg,bg,bg,bg,bg,bg,bg
bg,bg,bg,bg,bg,bg,bg,bg,bg,bg,bg,bg,bg,bg,bg,bg,bg,bg,bg,bg,bg,bg,bg,bg,bg,bg,bg,bg,bg,bg,bg,bg,bg,bg,bg,bg,bg,bg,bg,bg,bg,bg,bg,bg,bg,bg,bg,bg,bg,bg,bg,bg,bg,bg,bg,bg,bg,bg,bg,bg,bg,bg,bg,bg,bg,bg,bg,bg,bg,bg,bg,bg,bg,bg,bg,bg,bg,bg,bg,bg,bg,bg,bg,bg,bg,bg,bg,bg,bg,bg,bg,bg,bg,bg,bg,bg,bg,bg,bg,bg
bg,bg,bg,bg,bg,bg,bg,bg,bg,bg,bg,bg,bg,bg,bg,bg,bg,bg,bg,bg,bg,bg,bg,bg,bg,bg,bg,bg,bg,bg,bg,bg,bg,bg,bg,bg,bg,bg,bg,bg,bg,bg,bg,bg,bg,bg,bg,bg,bg,bg,bg,bg,bg,bg,bg,bg,bg,bg,bg,bg,bg,bg,bg,bg,bg,bg,bg,bg,bg,bg,bg,bg,bg,bg,bg,bg,bg,bg,bg,bg,bg,bg,bg,bg,bg,bg,bg,bg,bg,bg,bg,bg,bg,bg,bg,bg,bg,bg,bg,bg
bg,bg,bg,bg,bg,bg,bg,bg,bg,bg,bg,bg,bg,bg,bg,bg,bg,bg,bg,bg,bg,bg,bg,bg,bg,bg,bg,bg,bg,bg,bg,bg,bg,bg,bg,bg,bg,bg,bg,bg,bg,bg,bg,bg,bg,bg,bg,bg,bg,bg,bg,bg,bg,bg,bg,bg,bg,bg,bg,bg,bg,bg,bg,bg,bg,bg,bg,bg,bg,bg,bg,bg,bg,bg,bg,bg,bg,bg,bg,bg,bg,bg,bg,bg,bg,bg,bg,bg,bg,bg,bg,bg,bg,bg,bg,bg,bg,bg,bg,bg
bg,bg,bg,bg,bg,bg,bg,bg,bg,bg,bg,bg,bg,bg,bg,bg,bg,bg,bg,bg,bg,bg,bg,bg,bg,bg,bg,bg,bg,bg,bg,bg,bg,bg,bg,bg,bg,bg,bg,bg,bg,bg,bg,bg,bg,bg,bg,bg,bg,bg,bg,bg,bg,bg,bg,bg,bg,bg,bg,bg,bg,bg,bg,bg,bg,bg,bg,bg,bg,bg,bg,bg,bg,bg,bg,bg,bg,bg,bg,bg,bg,bg,bg,bg,bg,bg,bg,bg,bg,bg,bg,bg,bg,bg,bg,bg,bg,bg,bg,bg
bg,bg,bg,bg,bg,bg,bg,bg,bg,bg,bg,bg,bg,bg,bg,bg,bg,bg,bg,bg,bg,bg,bg,bg,bg,bg,bg,bg,bg,bg,bg,bg,bg,bg,bg,bg,bg,bg,bg,bg,bg,bg,bg,bg,bg,bg,bg,bg,bg,bg,bg,bg,bg,bg,bg,bg,bg,bg,bg,bg,bg,bg,bg,bg,bg,bg,bg,bg,bg,bg,bg,bg,bg,bg,bg,bg,bg,bg,bg,bg,bg,bg,bg,bg,bg,bg,bg,bg,bg,bg,bg,bg,bg,bg,bg,bg,bg,bg,bg,bg
bg,bg,bg,bg,bg,bg,bg,bg,bg,bg,bg,bg,bg,bg,bg,bg,bg,bg,bg,bg,bg,bg,bg,bg,bg,bg,bg,bg,bg,bg,bg,bg,bg,bg,bg,bg,bg,bg,bg,bg,bg,bg,bg,bg,bg,bg,bg,bg,bg,bg,bg,bg,bg,bg,bg,bg,bg,bg,bg,bg,bg,bg,bg,bg,bg,bg,bg,bg,bg,bg,bg,bg,bg,bg,bg,bg,bg,bg,bg,bg,bg,bg,bg,bg,bg,bg,bg,bg,bg,bg,bg,bg,bg,bg,bg,bg,bg,bg,bg,bg
bg,bg,bg,bg,bg,bg,bg,bg,bg,bg,bg,bg,bg,bg,bg,bg,bg,bg,bg,bg,bg,bg,bg,bg,bg,bg,bg,bg,bg,bg,bg,bg,bg,bg,bg,bg,bg,bg,bg,bg,bg,bg,bg,bg,bg,bg,bg,bg,bg,bg,bg,bg,bg,bg,bg,bg,bg,bg,bg,bg,bg,bg,bg,bg,bg,bg,bg,bg,bg,bg,bg,bg,bg,bg,bg,bg,bg,bg,bg,bg,bg,bg,bg,bg,bg,bg,bg,bg,bg,bg,bg,bg,bg,bg,bg,bg,bg,bg,bg,bg
bg,bg,bg,bg,bg,bg,bg,bg,bg,bg,bg,bg,bg,bg,bg,bg,bg,bg,bg,bg,bg,bg,bg,bg,bg,bg,bg,bg,bg,bg,bg,bg,bg,bg,bg,bg,bg,bg,bg,bg,bg,bg,bg,bg,bg,bg,bg,bg,bg,bg,bg,bg,bg,bg,bg,bg,bg,bg,bg,bg,bg,bg,bg,bg,bg,bg,bg,bg,bg,bg,bg,bg,bg,bg,bg,bg,bg,bg,bg,bg,bg,bg,bg,bg,bg,bg,bg,bg,bg,bg,bg,bg,bg,bg,bg,bg,bg,bg,bg,bg
bg,bg,bg,bg,bg,bg,bg,bg,bg,bg,bg,bg,bg,bg,bg,bg,bg,bg,bg,bg,bg,bg,bg,bg,bg,bg,bg,bg,bg,bg,bg,bg,bg,bg,bg,bg,bg,bg,bg,bg,bg,bg,bg,bg,bg,bg,bg,bg,bg,bg,bg,bg,bg,bg,bg,bg,bg,bg,bg,bg,bg,bg,bg,bg,bg,bg,bg,bg,bg,bg,bg,bg,bg,bg,bg,bg,bg,bg,bg,bg,bg,bg,bg,bg,bg,bg,bg,bg,bg,bg,bg,bg,bg,bg,bg,bg,bg,bg,bg,bg
bg,bg,bg,bg,bg,bg,bg,bg,bg,bg,bg,bg,bg,bg,bg,bg,bg,bg,bg,bg,bg,bg,bg,bg,bg,bg,bg,bg,bg,bg,bg,bg,bg,bg,bg,bg,bg,bg,bg,bg,bg,bg,bg,bg,bg,bg,bg,bg,bg,bg,bg,bg,bg,bg,bg,bg,bg,bg,bg,bg,bg,bg,bg,bg,bg,bg,bg,bg,bg,bg,bg,bg,bg,bg,bg,bg,bg,bg,bg,bg,bg,bg,bg,bg,bg,bg,bg,bg,bg,bg,bg,bg,bg,bg,bg,bg,bg,bg,bg,bg
bg,bg,bg,bg,bg,bg,bg,bg,bg,bg,bg,bg,bg,bg,bg,bg,bg,bg,bg,bg,bg,bg,bg,bg,bg,bg,bg,bg,bg,bg,bg,bg,bg,bg,bg,bg,bg,bg,bg,bg,bg,bg,bg,bg,bg,bg,bg,bg,bg,bg,bg,bg,bg,bg,bg,bg,bg,bg,bg,bg,bg,bg,bg,bg,bg,bg,bg,bg,bg,bg,bg,bg,bg,bg,bg,bg,bg,bg,bg,bg,bg,bg,bg,bg,bg,bg,bg,bg,bg,bg,bg,bg,bg,bg,bg,bg,bg,bg,bg,bg
bg,bg,bg,bg,bg,bg,bg,bg,bg,bg,bg,bg,bg,bg,bg,bg,bg,bg,bg,bg,bg,bg,bg,bg,bg,bg,bg,bg,bg,bg,bg,bg,bg,bg,bg,bg,bg,bg,bg,bg,bg,bg,bg,bg,bg,bg,bg,bg,bg,bg,bg,bg,bg,bg,bg,bg,bg,bg,bg,bg,bg,bg,bg,bg,bg,bg,bg,bg,bg,bg,bg,bg,bg,bg,bg,bg,bg,bg,bg,bg,bg,bg,bg,bg,bg,bg,bg,bg,bg,bg,bg,bg,bg,bg,bg,bg,bg,bg,bg,bg
bg,bg,bg,bg,bg,bg,bg,bg,bg,bg,bg,bg,bg,bg,bg,bg,bg,bg,bg,bg,bg,bg,bg,bg,bg,bg,bg,bg,bg,bg,bg,bg,bg,bg,bg,bg,bg,bg,bg,bg,bg,bg,bg,bg,bg,bg,bg,bg,bg,bg,bg,bg,bg,bg,bg,bg,bg,bg,bg,bg,bg,bg,bg,bg,bg,bg,bg,bg,bg,bg,bg,bg,bg,bg,bg,bg,bg,bg,bg,bg,bg,bg,bg,bg,bg,bg,bg,bg,bg,bg,bg,bg,bg,bg,bg,bg,bg,bg,bg,bg
bg,bg,bg,bg,bg,bg,bg,bg,bg,bg,bg,bg,bg,bg,bg,bg,bg,bg,bg,bg,bg,bg,bg,bg,bg,bg,bg,bg,bg,bg,bg,bg,bg,bg,bg,bg,bg,bg,bg,bg,bg,bg,bg,bg,bg,bg,bg,bg,bg,bg,bg,bg,bg,bg,bg,bg,bg,bg,bg,bg,bg,bg,bg,bg,bg,bg,bg,bg,bg,bg,bg,bg,bg,bg,bg,bg,bg,bg,bg,bg,bg,bg,bg,bg,bg,bg,bg,bg,bg,bg,bg,bg,bg,bg,bg,bg,bg,bg,bg,bg
bg,bg,bg,bg,bg,bg,bg,bg,bg,bg,bg,bg,bg,bg,bg,bg,bg,bg,bg,bg,bg,bg,bg,bg,bg,bg,bg,bg,bg,bg,bg,bg,bg,bg,bg,bg,bg,bg,bg,bg,bg,bg,bg,bg,bg,bg,bg,bg,bg,bg,bg,bg,bg,bg,bg,bg,bg,bg,bg,bg,bg,bg,bg,bg,bg,bg,bg,bg,bg,bg,bg,bg,bg,bg,bg,bg,bg,bg,bg,bg,bg,bg,bg,bg,bg,bg,bg,bg,bg,bg,bg,bg,bg,bg,bg,bg,bg,bg,bg,bg
bg,bg,bg,bg,bg,bg,bg,bg,bg,bg,bg,bg,bg,bg,bg,bg,bg,bg,bg,bg,bg,bg,bg,bg,bg,bg,bg,bg,bg,bg,bg,bg,bg,bg,bg,bg,bg,bg,bg,bg,bg,bg,bg,bg,bg,bg,bg,bg,bg,bg,bg,bg,bg,bg,bg,bg,bg,bg,bg,bg,bg,bg,bg,bg,bg,bg,bg,bg,bg,bg,bg,bg,bg,bg,bg,bg,bg,bg,bg,bg,bg,bg,bg,bg,bg,bg,bg,bg,bg,bg,bg,bg,bg,bg,bg,bg,bg,bg,bg,bg
bg,bg,bg,bg,bg,bg,bg,bg,bg,bg,bg,bg,bg,bg,bg,bg,bg,bg,bg,bg,bg,bg,bg,bg,bg,bg,bg,bg,bg,bg,bg,bg,bg,bg,bg,bg,bg,bg,bg,bg,bg,bg,bg,bg,bg,bg,bg,bg,bg,bg,bg,bg,bg,bg,bg,bg,bg,bg,bg,bg,bg,bg,bg,bg,bg,bg,bg,bg,bg,bg,bg,bg,bg,bg,bg,bg,bg,bg,bg,bg,bg,bg,bg,bg,bg,bg,bg,bg,bg,bg,bg,bg,bg,bg,bg,bg,bg,bg,bg,bg
bg,bg,bg,bg,bg,bg,bg,bg,bg,bg,bg,bg,bg,bg,bg,bg,bg,bg,bg,bg,bg,bg,bg,bg,bg,bg,bg,bg,bg,bg,bg,bg,bg,bg,bg,bg,bg,bg,bg,bg,bg,bg,bg,bg,bg,bg,bg,bg,bg,bg,bg,bg,bg,bg,bg,bg,bg,bg,bg,bg,bg,bg,bg,bg,bg,bg,bg,bg,bg,bg,bg,bg,bg,bg,bg,bg,bg,bg,bg,bg,bg,bg,bg,bg,bg,bg,bg,bg,bg,bg,bg,bg,bg,bg,bg,bg,bg,bg,bg,bg
bg,bg,bg,bg,bg,bg,bg,bg,bg,bg,bg,bg,bg,bg,bg,bg,bg,bg,bg,bg,bg,bg,bg,bg,bg,bg,bg,bg,bg,bg,bg,bg,bg,bg,bg,bg,bg,bg,bg,bg,bg,bg,bg,bg,bg,bg,bg,bg,bg,bg,bg,bg,bg,bg,bg,bg,bg,bg,bg,bg,bg,bg,bg,bg,bg,bg,bg,bg,bg,bg,bg,bg,bg,bg,bg,bg,bg,bg,bg,bg,bg,bg,bg,bg,bg,bg,bg,bg,bg,bg,bg,bg,bg,bg,bg,bg,bg,bg,bg,bg
bg,bg,bg,bg,bg,bg,bg,bg,bg,bg,bg,bg,bg,bg,bg,bg,bg,bg,bg,bg,bg,bg,bg,bg,bg,bg,bg,bg,bg,bg,bg,bg,bg,bg,bg,bg,bg,bg,bg,bg,bg,bg,bg,bg,bg,bg,bg,bg,bg,bg,bg,bg,bg,bg,bg,bg,bg,bg,bg,bg,bg,bg,bg,bg,bg,bg,bg,bg,bg,bg,bg,bg,bg,bg,bg,bg,bg,bg,bg,bg,bg,bg,bg,bg,bg,bg,bg,bg,bg,bg,bg,bg,bg,bg,bg,bg,bg,bg,bg,bg
bg,bg,bg,bg,bg,bg,bg,bg,bg,bg,bg,bg,bg,bg,bg,bg,bg,bg,bg,bg,bg,bg,bg,bg,bg,bg,bg,bg,bg,bg,bg,bg,bg,bg,bg,bg,bg,bg,bg,bg,bg,bg,bg,bg,bg,bg,bg,bg,bg,bg,bg,bg,bg,bg,bg,bg,bg,bg,bg,bg,bg,bg,bg,bg,bg,bg,bg,bg,bg,bg,bg,bg,bg,bg,bg,bg,bg,bg,bg,bg,bg,bg,bg,bg,bg,bg,bg,bg,bg,bg,bg,bg,bg,bg,bg,bg,bg,bg,bg,bg
bg,bg,bg,bg,bg,bg,bg,bg,bg,bg,bg,bg,bg,bg,bg,bg,bg,bg,bg,bg,bg,bg,bg,bg,bg,bg,bg,bg,bg,bg,bg,bg,bg,bg,bg,bg,bg,bg,bg,bg,bg,bg,bg,bg,bg,bg,bg,bg,bg,bg,bg,bg,bg,bg,bg,bg,bg,bg,bg,bg,bg,bg,bg,bg,bg,bg,bg,bg,bg,bg,bg,bg,bg,bg,bg,bg,bg,bg,bg,bg,bg,bg,bg,bg,bg,bg,bg,bg,bg,bg,bg,bg,bg,bg,bg,bg,bg,bg,bg,bg
bg,bg,bg,bg,bg,bg,bg,bg,bg,bg,bg,bg,bg,bg,bg,bg,bg,bg,bg,bg,bg,bg,bg,bg,bg,bg,bg,bg,bg,bg,bg,bg,bg,bg,bg,bg,bg,bg,bg,bg,bg,bg,bg,bg,bg,bg,bg,bg,bg,bg,bg,bg,bg,bg,bg,bg,bg,bg,bg,bg,bg,bg,bg,bg,bg,bg,bg,bg,bg,bg,bg,bg,bg,bg,bg,bg,bg,bg,bg,bg,bg,bg,bg,bg,bg,bg,bg,bg,bg,bg,bg,bg,bg,bg,bg,bg,bg,bg,bg,bg
bg,bg,bg,bg,bg,bg,bg,bg,bg,bg,bg,bg,bg,bg,bg,bg,bg,bg,bg,bg,bg,bg,bg,bg,bg,bg,bg,bg,bg,bg,bg,bg,bg,bg,bg,bg,bg,bg,bg,bg,bg,bg,bg,bg,bg,bg,bg,bg,bg,bg,bg,bg,bg,bg,bg,bg,bg,bg,bg,bg,bg,bg,bg,bg,bg,bg,bg,bg,bg,bg,bg,bg,bg,bg,bg,bg,bg,bg,bg,bg,bg,bg,bg,bg,bg,bg,bg,bg,bg,bg,bg,bg,bg,bg,bg,bg,bg,bg,bg,bg
bg,bg,bg,bg,bg,bg,bg,bg,bg,bg,bg,bg,bg,bg,bg,bg,bg,bg,bg,bg,bg,bg,bg,bg,bg,bg,bg,bg,bg,bg,bg,bg,bg,bg,bg,bg,bg,bg,bg,bg,bg,bg,bg,bg,bg,bg,bg,bg,bg,bg,bg,bg,bg,bg,bg,bg,bg,bg,bg,bg,bg,bg,bg,bg,bg,bg,bg,bg,bg,bg,bg,bg,bg,bg,bg,bg,bg,bg,bg,bg,bg,bg,bg,bg,bg,bg,bg,bg,bg,bg,bg,bg,bg,bg,bg,bg,bg,bg,bg,bg
bg,bg,bg,bg,bg,bg,bg,bg,bg,bg,bg,bg,bg,bg,bg,bg,bg,bg,bg,bg,bg,bg,bg,bg,bg,bg,bg,bg,bg,bg,bg,bg,bg,bg,bg,bg,bg,bg,bg,bg,bg,bg,bg,bg,bg,bg,bg,bg,bg,bg,bg,bg,bg,bg,bg,bg,bg,bg,bg,bg,bg,bg,bg,bg,bg,bg,bg,bg,bg,bg,bg,bg,bg,bg,bg,bg,bg,bg,bg,bg,bg,bg,bg,bg,bg,bg,bg,bg,bg,bg,bg,bg,bg,bg,bg,bg,bg,bg,bg,bg
bg,bg,bg,bg,bg,bg,bg,bg,bg,bg,bg,bg,bg,bg,bg,bg,bg,bg,bg,bg,bg,bg,bg,bg,bg,bg,bg,bg,bg,bg,bg,bg,bg,bg,bg,bg,bg,bg,bg,bg,bg,bg,bg,bg,bg,bg,bg,bg,bg,bg,bg,bg,bg,bg,bg,bg,bg,bg,bg,bg,bg,bg,bg,bg,bg,bg,bg,bg,bg,bg,bg,bg,bg,bg,bg,bg,bg,bg,bg,bg,bg,bg,bg,bg,bg,bg,bg,bg,bg,bg,bg,bg,bg,bg,bg,bg,bg,bg,bg,bg
bg,bg,bg,bg,bg,bg,bg,bg,bg,bg,bg,bg,bg,bg,bg,bg,bg,bg,bg,bg,bg,bg,bg,bg,bg,bg,bg,bg,bg,bg,bg,bg,bg,bg,bg,bg,bg,bg,bg,bg,bg,bg,bg,bg,bg,bg,bg,bg,bg,bg,bg,bg,bg,bg,bg,bg,bg,bg,bg,bg,bg,bg,bg,bg,bg,bg,bg,bg,bg,bg,bg,bg,bg,bg,bg,bg,bg,bg,bg,bg,bg,bg,bg,bg,bg,bg,bg,bg,bg,bg,bg,bg,bg,bg,bg,bg,bg,bg,bg,bg
bg,bg,bg,bg,bg,bg,bg,bg,bg,bg,bg,bg,bg,bg,bg,bg,bg,bg,bg,bg,bg,bg,bg,bg,bg,bg,bg,bg,bg,bg,bg,bg,bg,bg,bg,bg,bg,bg,bg,bg,bg,bg,bg,bg,bg,bg,bg,bg,bg,bg,bg,bg,bg,bg,bg,bg,bg,bg,bg,bg,bg,bg,bg,bg,bg,bg,bg,bg,bg,bg,bg,bg,bg,bg,bg,bg,bg,bg,bg,bg,bg,bg,bg,bg,bg,bg,bg,bg,bg,bg,bg,bg,bg,bg,bg,bg,bg,bg,bg,bg
bg,bg,bg,bg,bg,bg,bg,bg,bg,bg,bg,bg,bg,bg,bg,bg,bg,bg,bg,bg,bg,bg,bg,bg,bg,bg,bg,bg,bg,bg,bg,bg,bg,bg,bg,bg,bg,bg,bg,bg,bg,bg,bg,bg,bg,bg,bg,bg,bg,bg,bg,bg,bg,bg,bg,bg,bg,bg,bg,bg,bg,bg,bg,bg,bg,bg,bg,bg,bg,bg,bg,bg,bg,bg,bg,bg,bg,bg,bg,bg,bg,bg,bg,bg,bg,bg,bg,bg,bg,bg,bg,bg,bg,bg,bg,bg,bg,bg,bg,bg
bg,bg,bg,bg,bg,bg,bg,bg,bg,bg,bg,bg,bg,bg,bg,bg,bg,bg,bg,bg,bg,bg,bg,bg,bg,bg,bg,bg,bg,bg,bg,bg,bg,bg,bg,bg,bg,bg,bg,bg,bg,bg,bg,bg,bg,bg,bg,bg,bg,bg,bg,bg,bg,bg,bg,bg,bg,bg,bg,bg,bg,bg,bg,bg,bg,bg,bg,bg,bg,bg,bg,bg,bg,bg,bg,bg,bg,bg,bg,bg,bg,bg,bg,bg,bg,bg,bg,bg,bg,bg,bg,bg,bg,bg,bg,bg,bg,bg,bg,bg
bg,bg,bg,bg,bg,bg,bg,bg,bg,bg,bg,bg,bg,bg,bg,bg,bg,bg,bg,bg,bg,bg,bg,bg,bg,bg,bg,bg,bg,bg,bg,bg,bg,bg,bg,bg,bg,bg,bg,bg,bg,bg,bg,bg,bg,bg,bg,bg,bg,bg,bg,bg,bg,bg,bg,bg,bg,bg,bg,bg,bg,bg,bg,bg,bg,bg,bg,bg,bg,bg,bg,bg,bg,bg,bg,bg,bg,bg,bg,bg,bg,bg,bg,bg,bg,bg,bg,bg,bg,bg,bg,bg,bg,bg,bg,bg,bg,bg,bg,bg
bg,bg,bg,bg,bg,bg,bg,bg,bg,bg,bg,bg,bg,bg,bg,bg,bg,bg,bg,bg,bg,bg,bg,bg,bg,bg,bg,bg,bg,bg,bg,bg,bg,bg,bg,bg,bg,bg,bg,bg,bg,bg,bg,bg,bg,bg,bg,bg,bg,bg,bg,bg,bg,bg,bg,bg,bg,bg,bg,bg,bg,bg,bg,bg,bg,bg,bg,bg,bg,bg,bg,bg,bg,bg,bg,bg,bg,bg,bg,bg,bg,bg,bg,bg,bg,bg,bg,bg,bg,bg,bg,bg,bg,bg,bg,bg,bg,bg,bg,bg
bg,bg,bg,bg,bg,bg,bg,bg,bg,bg,bg,bg,bg,bg,bg,bg,bg,bg,bg,bg,bg,bg,bg,bg,bg,bg,bg,bg,bg,bg,bg,bg,bg,bg,bg,bg,bg,bg,bg,bg,bg,bg,bg,bg,bg,bg,bg,bg,bg,bg,bg,bg,bg,bg,bg,bg,bg,bg,bg,bg,bg,bg,bg,bg,bg,bg,bg,bg,bg,bg,bg,bg,bg,bg,bg,bg,bg,bg,bg,bg,bg,bg,bg,bg,bg,bg,bg,bg,bg,bg,bg,bg,bg,bg,bg,bg,bg,bg,bg,bg
bg,bg,bg,bg,bg,bg,bg,bg,bg,bg,bg,bg,bg,bg,bg,bg,bg,bg,bg,bg,bg,bg,bg,bg,bg,bg,bg,bg,bg,bg,bg,bg,bg,bg,bg,bg,bg,bg,bg,bg,bg,bg,bg,bg,bg,bg,bg,bg,bg,bg,bg,bg,bg,bg,bg,bg,bg,bg,bg,bg,bg,bg,bg,bg,bg,bg,bg,bg,bg,bg,bg,bg,bg,bg,bg,bg,bg,bg,bg,bg,bg,bg,bg,bg,bg,bg,bg,bg,bg,bg,bg,bg,bg,bg,bg,bg,bg,bg,bg,bg
bg,bg,bg,bg,bg,bg,bg,bg,bg,bg,bg,bg,bg,bg,bg,bg,bg,bg,bg,bg,bg,bg,bg,bg,bg,bg,bg,bg,bg,bg,bg,bg,bg,bg,bg,bg,bg,bg,bg,bg,bg,bg,bg,bg,bg,bg,bg,bg,bg,bg,bg,bg,bg,bg,bg,bg,bg,bg,bg,bg,bg,bg,bg,bg,bg,bg,bg,bg,bg,bg,bg,bg,bg,bg,bg,bg,bg,bg,bg,bg,bg,bg,bg,bg,bg,bg,bg,bg,bg,bg,bg,bg,bg,bg,bg,bg,bg,bg,bg,bg
